[
  {
    "title": "On-Off Romantic Relationships",
    "art_image": "images/articles/on-off-romantic-relationships.png",
    "desc": "An on-again off-again relationship is when people date, break-up and then date again. These renewed relationships suffer from a host of maladies. Is there ever a time when it's ok to get back with an ex?",
    "url": "http://www.newlovetimes.com/the-naked-truth-about-on-again-off-again-relationships/",
    "contr_pic": "images/contributors/AmberVennum.jpg",
    "contr_name": "Amber Vennum",
    "publish": "August 19, 2015",
    "update": "August 19, 2015",
    "tags": [ "Breaking Up", "Commitment", "Ex-Partners", "Dating", "Courtship", "Relationship Development", "Decision Making in Relationships" ]
  },
  {
    "title": "Relationship Sacrifice",
    "art_image": "images/articles/relationship_sacrifice.png",
    "desc": "Is it worth it to give in to your partner all the time?",
    "url": "http://www.scienceofrelationships.com/home/2017/3/6/the-silver-lining-to-sacrificing-for-your-partner.html",
    "contr_pic": "images/contributors/NataliePennington.jpg",
    "contr_name": "Natalie Pennington",
    "publish": "September 21, 2011",
    "update": "September 21, 2011",
    "tags": [ "Commitment", "Communication", "Conflict", "Dating", "Courtship", "Relationship Development", "Decision Making in Relationships", "Media", "Technology", "Preventing Relationship Distress", "Instability", "Relationship Maintenance" ]
  },
  {
    "title": "No Yelling...And 9 Other Rules for Fair Fighting",
    "art_image": "images/articles/fair_fighting.jpg",
    "desc": "Such an important topic as conflict is totally normal and expected in all relationships. If we are bound to have conflicts, we can at least be prepared for how to handle them in the best manner possible. The Relevate team loves this advice and the follow up steps offered by Michelle at the #staymarried blog. The way in which you fight has a lot of influence on your wellness.",
    "url": "http://staymarriedblog.com/no-yelling-and-9-other-rules-for-fair-fighting/",
    "contr_pic": "images/contributors/profile-placeholder.png",
    "contr_name": "Relevate Account",
    "publish": "October 5, 2015",
    "update": "October 5, 2015",
    "tags": [ "Physical", "Emotional", "Sexual Violence", "Communication", "Conflict", "Dating", "Courtship", "Relationship Development", "Marriage", "Stress", "Resilience", "Coping" ]
  },
  {
    "title": "Do your family and friends have to like your partner?",
    "art_image": "images/articles/romeo_and_juliet_660.jpg",
    "desc": "According to research, external support of your relationship is vital for it's longevity. This article provides a critique to the \"Romeo & Juliet Phenomenon.\"",
    "url": "http://www.scienceofrelationships.com/home/2017/4/17/romeo-and-juliet-would-have-broken-upquickly.html",
    "contr_pic": "images/contributors/Monk_bio_pic.JPG",
    "contr_name": "Kale Monk",
    "publish": "April 17, 2017",
    "update": "April 17, 2017",
    "tags": [ "Breaking Up", "Social Pressure", "Support" ]
  }
]