[
  {
    "title": "Relationship Sacrifice",
    "art_image": "images/articles/relationship_sacrifice.png",
    "desc": "Is it worth it to give in to your partner all the time?",
    "url": "http://www.scienceofrelationships.com/home/2017/3/6/the-silver-lining-to-sacrificing-for-your-partner.html",
    "contr_pic": "images/contributors/NataliePennington.jpg",
    "contr_name": "Natalie Pennington",
    "tags": [ "Commitment", "Communication", "Conflict", "Dating", "Courtship", "Relationship Development", "Decision Making in Relationships", "Media", "Technology", "Preventing Relationship Distress", "Instability", "Relationship Maintenance" ]
  }
]