[
  {
    "title": "No Yelling...And 9 Other Rules for Fair Fighting",
    "art_image": "images/articles/fair_fighting.jpg",
    "desc": "Such an important topic as conflict is totally normal and expected in all relationships. If we are bound to have conflicts, we can at least be prepared for how to handle them in the best manner possible. The Relevate team loves this advice and the follow up steps offered by Michelle at the #staymarried blog. The way in which you fight has a lot of influence on your wellness.",
    "url": "http://staymarriedblog.com/no-yelling-and-9-other-rules-for-fair-fighting/",
    "contr_pic": "images/contributors/profile-placeholder.png",
    "contr_name": "Relevate Account",
    "tags": [ "Physical", "Emotional", "Sexual Violence", "Communication", "Conflict", "Dating", "Courtship", "Relationship Development", "Marriage", "Stress", "Resilience", "Coping" ]
  }
]